Date,Close,High,Low,Open,Volume,,,,,
2023-01-02,14069.25977,14095.91016,13976.44043,13992.70996,34978500,,,,,
2023-01-03,14181.66992,14293.87012,14083.75977,14116.07031,57907500,,,,,
2023-01-04,14490.78027,14492.78027,14264.59961,14266.98047,76221600,,,,,
2023-01-05,14436.30957,14501.59961,14403.73047,14451.23047,60947500,,,,,
2023-01-06,14610.01953,14610.23047,14388.98047,14476.71973,55433700,,,,,
2023-01-09,14792.83008,14832.88965,14628.61035,14650.73047,64976500,,,,,
2023-01-10,14774.59961,14790.82031,14692.74023,14741.96973,57438600,,,,,
2023-01-11,14947.91016,14965.46973,14794.99023,14805.40039,66367800,,,,,
2023-01-12,15058.2998,15095.03027,14934.50977,14972.28027,65971500,,,,,
2023-01-13,15086.51953,15132.37012,15041.16016,15063.20996,66451100,,,,,
2023-01-16,15134.04004,15153.19043,15083.94043,15112.0498,42102700,,,,,
2023-01-17,15187.07031,15269.70996,15083.9502,15130.03027,57914400,,,,,
2023-01-18,15181.7998,15250.36035,15156.88965,15182.9502,58258000,,,,,
2023-01-19,14920.36035,15134.07031,14906.26953,15115.5498,64167400,,,,,
2023-01-20,15033.55957,15034.42969,14940.67969,14986.51953,64031100,,,,,
2023-01-23,15102.9502,15145.90039,15022.83008,15077.40039,39903900,,,,,
2023-01-24,15093.11035,15147.4502,15022.5498,15140.5,48335400,,,,,
2023-01-25,15081.63965,15114.41016,14969.65039,15095.71973,53589900,,,,,
2023-01-26,15132.84961,15151.54004,15068.71973,15146.29004,62001200,,,,,
2023-01-27,15150.03027,15186.49023,15077.62012,15115.75,55135800,,,,,
2023-01-30,15126.08008,15161.07031,14988.98047,15070.2998,54664400,,,,,
2023-01-31,15128.26953,15136.21973,14993.58984,15081.16992,57047200,,,,,
2023-02-01,15180.74023,15222.33984,15107.83008,15125.12012,57095200,,,,,
2023-02-02,15509.19043,15520.96973,15264.30957,15275,122979300,,,,,
2023-02-03,15476.42969,15476.66992,15347.86035,15408.40039,76253700,,,,,
2023-02-06,15345.91016,15406.92969,15275.57031,15367.04004,54430400,,,,,
2023-02-07,15320.87988,15363.41016,15273.59961,15359.58984,56184100,,,,,
2023-02-08,15412.0498,15486.12988,15371.92969,15450.66992,61344800,,,,,
2023-02-09,15523.41992,15658.55957,15519.62988,15560.15039,66247500,,,,,
2023-02-10,15307.98047,15487.98047,15246.38965,15438.94043,65755600,,,,,
2023-02-13,15397.33984,15409.26953,15305.94043,15322.05957,38580400,,,,,
2023-02-14,15380.55957,15526.28027,15366.37012,15419,56427200,,,,,
2023-02-15,15506.33984,15520.38965,15388.84961,15394.44043,49065600,,,,,
2023-02-16,15533.63965,15634.04004,15417.16992,15612.42969,66113500,,,,,
2023-02-17,15482,15514.71973,15300.41992,15372.05957,70462400,,,,,
2023-02-20,15477.5498,15532.44043,15436.79004,15524.16016,33610800,,,,,
2023-02-21,15397.62012,15470.51953,15286.70996,15450.62012,47050500,,,,,
2023-02-22,15399.88965,15408.58008,15247.5,15342.59961,54879700,,,,,
2023-02-23,15475.69043,15552.76953,15433.96973,15453.29004,51347600,,,,,
2023-02-24,15209.74023,15530.45996,15162.48047,15501.82031,141484400,,,,,
2023-02-27,15381.42969,15481.05957,15351.62988,15351.62988,58764200,,,,,
2023-02-28,15365.13965,15443.16992,15289.42969,15299.79004,93757000,,,,,
2023-03-01,15305.01953,15478.83984,15254.11035,15399.91016,72243100,,,,,
2023-03-02,15327.63965,15329.29004,15150.66992,15171.07031,62593100,,,,,
2023-03-03,15578.38965,15590.44043,15409.99023,15430.66016,67122500,,,,,
2023-03-06,15653.58008,15677.92969,15587.78027,15597.90039,69392600,,,,,
2023-03-07,15559.53027,15706.37012,15544.07031,15638.44043,68603300,,,,,
2023-03-08,15631.87012,15667.20996,15524.84961,15528.80957,64604200,,,,,
2023-03-09,15633.20996,15667.0498,15535.12988,15619.75,59687500,,,,,
2023-03-10,15427.96973,15495.87012,15316.37988,15369.66992,114116400,,,,,
2023-03-13,14959.46973,15435.80957,14887.44043,15435.16016,157697900,,,,,
2023-03-14,15232.83008,15272.11035,14951.70996,15016.53027,101464500,,,,,
2023-03-15,14735.25977,15246.16992,14702.91016,15175.44043,157452200,,,,,
2023-03-16,14967.09961,15018.30957,14664.16992,14973.83984,141054600,,,,,
2023-03-17,14768.2002,15153.11035,14694.25977,15073.75977,217024000,,,,,
2023-03-20,14933.37988,14980.42969,14458.38965,14715.40039,125262600,,,,,
2023-03-21,15195.33984,15253.09961,15055.92969,15062.05957,94322300,,,,,
2023-03-22,15216.19043,15298.49023,15166.9502,15174.66992,82685900,,,,,
2023-03-23,15210.38965,15244.32031,15078.71973,15178.25,82739800,,,,,
2023-03-24,14957.23047,15135.65039,14809.82031,15135.5,181078000,,,,,
2023-03-27,15127.67969,15185.34961,15020.07031,15133.67969,90911900,,,,,
2023-03-28,15142.01953,15261.49023,15103.75977,15255.92969,73013800,,,,,
2023-03-29,15328.78027,15342.26953,15186.75,15242.51953,81824600,,,,,
2023-03-30,15522.40039,15536.41992,15424.69043,15429.37988,77412500,,,,,
2023-03-31,15628.83984,15659.05957,15499.83984,15568.37012,86968700,,,,,
2023-04-03,15580.91992,15659.34961,15553.90039,15623.4502,70893100,,,,,
2023-04-04,15603.46973,15736.55957,15601.40039,15639.01953,64484200,,,,,
2023-04-05,15520.16992,15627.29004,15482.87988,15611.67969,78217100,,,,,
2023-04-06,15597.88965,15601.49023,15509.08984,15530.2002,62790900,,,,,
2023-04-11,15655.16992,15726.01953,15625.79004,15710.4502,63070200,,,,,
2023-04-12,15703.59961,15827.28027,15668.2002,15689.13965,65206700,,,,,
2023-04-13,15729.45996,15754.99023,15675.15039,15708.20996,53361500,,,,,
2023-04-14,15807.5,15841.46973,15760.32031,15789.78027,78563300,,,,,
2023-04-17,15789.53027,15903.25,15764.37988,15838.88965,60200000,,,,,
2023-04-18,15882.66992,15916.28027,15802.75,15841.5,63384400,,,,,
2023-04-19,15895.2002,15908.46973,15829.5498,15850.51953,55122300,,,,,
2023-04-20,15795.96973,15883.30957,15734.25,15864.15039,74754500,,,,,
2023-04-21,15881.66016,15899.62012,15706.83008,15782.58008,77403200,,,,,
2023-04-24,15863.9502,15919.11035,15831.09961,15852.26953,50552200,,,,,
2023-04-25,15872.12988,15891.73047,15794.80957,15836.79004,66489300,,,,,
2023-04-26,15795.73047,15826.01953,15694.36035,15804.5,74374600,,,,,
2023-04-27,15800.4502,15859.25,15706.69043,15739.34961,79622200,,,,,
2023-04-28,15922.37988,15922.37988,15688.16992,15884.79004,91511200,,,,,
2023-05-02,15726.94043,16011.55957,15707.5498,15950.36035,80224800,,,,,
2023-05-03,15815.05957,15868.87988,15745.98047,15774.01953,61988400,,,,,
2023-05-04,15734.24023,15796.70996,15662.32031,15781.45996,81687600,,,,,
2023-05-05,15961.01953,15961.54004,15755.96973,15837.44043,69955200,,,,,
2023-05-08,15952.83008,15996.16016,15933.69043,15967.57031,40927300,,,,,
2023-05-09,15955.48047,15962.62012,15879.55957,15950.88965,60426400,,,,,
2023-05-10,15896.23047,15984.82031,15848.69043,15973.37988,67473800,,,,,
2023-05-11,15834.91016,15970.54004,15754.75977,15943.84961,67890500,,,,,
2023-05-12,15913.82031,15938.00977,15852.09961,15918.25,62915400,,,,,
2023-05-15,15917.24023,15982.09961,15874.24023,15966.95996,53099400,,,,,
2023-05-16,15897.92969,15968.41016,15862.37012,15892.78027,63874300,,,,,
2023-05-17,15951.2998,15992.76953,15862.15039,15883.61035,89827900,,,,,
2023-05-18,16163.36035,16230.44043,16069.41992,16069.41992,73640100,,,,,
2023-05-19,16275.37988,16331.94043,16203.59961,16233.11035,90102600,,,,,
2023-05-22,16223.99023,16267.92969,16196.36035,16235.98047,54200300,,,,,
2023-05-23,16152.86035,16224.32031,16143.98047,16186.44043,56755000,,,,,
2023-05-24,15842.12988,16013.29004,15802.86035,16008.51953,65922900,,,,,
2023-05-25,15793.7998,15872.59961,15726.5,15872.45996,66145400,,,,,
2023-05-26,15983.96973,16008.58984,15726.74023,15850.08984,57308100,,,,,
2023-05-29,15952.73047,16079.73047,15925.21973,16064.12988,24247000,,,,,
2023-05-30,15908.91016,16058.42969,15889.45996,15962.30957,54563500,,,,,
2023-05-31,15664.01953,15871.7002,15629.12012,15757.42969,172555100,,,,,
2023-06-01,15853.66016,15863.41016,15734.86035,15744.00977,55198400,,,,,
2023-06-02,16051.23047,16071.32031,15922.61035,15949.04004,96604000,,,,,
2023-06-05,15963.88965,16114.83984,15928.44043,16079.86035,63777600,,,,,
2023-06-06,15992.44043,16009.28027,15925.55957,15939.30957,52413000,,,,,
2023-06-07,15960.55957,16020.28027,15909.84961,15998.09961,67870200,,,,,
2023-06-08,15989.95996,16019,15913.9502,15951.61035,59532100,,,,,
2023-06-09,15949.83984,15998.90039,15924.50977,15993.01953,58242200,,,,,
2023-06-12,16097.87012,16126.2998,16021.5498,16052.91016,61393600,,,,,
2023-06-13,16230.67969,16232.7002,16088.46973,16218.2002,72345000,,,,,
2023-06-14,16310.79004,16336.26953,16217.4502,16219.08984,75755600,,,,,
2023-06-15,16290.12012,16301.73047,16165.66016,16275.73047,80150500,,,,,
2023-06-16,16357.62988,16427.41992,16276.79004,16306.62988,211233000,,,,,
2023-06-19,16201.2002,16302.29004,16189.57031,16272.20996,52459700,,,,,
2023-06-20,16111.32031,16184.2998,16069.09961,16100.29004,68396400,,,,,
2023-06-21,16023.12988,16145.29004,16002.26953,16082.75,62212100,,,,,
2023-06-22,15988.16016,15988.20996,15810.48047,15867.65039,65000700,,,,,
2023-06-23,15829.94043,15917.13965,15733.12012,15862.79004,108856500,,,,,
2023-06-26,15813.05957,15874.90039,15713.7002,15874.15039,72427600,,,,,
2023-06-27,15846.86035,15895.7002,15758.12988,15873.73047,63273400,,,,,
2023-06-28,15949,15994.30957,15906.87988,15922.70996,69914300,,,,,
2023-06-29,15946.71973,15998.66992,15920.04004,15960.46973,54568800,,,,,
2023-06-30,16147.90039,16176.5498,15978.90039,15989.42969,85583300,,,,,
2023-07-03,16081.04004,16209.29004,16070.49023,16187.91016,52047600,,,,,
2023-07-04,16039.16992,16103.9502,16023.71973,16082.92969,42493900,,,,,
2023-07-05,15937.58008,15982.95996,15901.38965,15930.16016,66456400,,,,,
2023-07-06,15528.54004,15846.25,15495.83984,15816.11035,80363000,,,,,
2023-07-07,15603.40039,15661.41016,15456.16016,15515,67259700,,,,,
2023-07-10,15673.16016,15722.03027,15545.33008,15585.33984,53384600,,,,,
2023-07-11,15790.33984,15807.66016,15659.09961,15716.25977,60828200,,,,,
2023-07-12,16023,16044.28027,15806.28027,15842.25977,72341400,,,,,
2023-07-13,16141.03027,16185.11035,16000.37988,16009.25977,64992600,,,,,
2023-07-14,16105.07031,16149.12012,16071.74023,16123.12988,61718900,,,,,
2023-07-17,16068.65039,16102.50977,15995.4502,16013.51953,45553500,,,,,
2023-07-18,16125.49023,16140.2002,16031.07031,16042.03027,56765300,,,,,
2023-07-19,16108.92969,16240.79004,16075.16992,16190,62950200,,,,,
2023-07-20,16204.21973,16211.42969,16050.98047,16059.21973,66295300,,,,,
2023-07-21,16177.21973,16181.33984,16103.48047,16125.20996,69913700,,,,,
2023-07-24,16190.9502,16208.75977,16121.26953,16126.70996,51532000,,,,,
2023-07-25,16211.58984,16225.88965,16135.59961,16169.75,56468900,,,,,
2023-07-26,16131.45996,16212.91016,16000.04004,16183.7002,76242600,,,,,
2023-07-27,16406.0293,16408.80078,16131.63965,16162.16016,96512200,,,,,
2023-07-28,16469.75,16490.13086,16336.41992,16356.37988,70297300,,,,,
2023-07-31,16446.83008,16528.9707,16427.4707,16434.66016,60748100,,,,,
2023-08-01,16240.40039,16430.66016,16240.40039,16414.78906,63456600,,,,,
2023-08-02,16020.01953,16140.75977,15955.30957,16027.65039,74404800,,,,,
2023-08-03,15893.37988,15920.32031,15807.84961,15879.03027,82642000,,,,,
2023-08-04,15951.86035,15973.95996,15784.51953,15917.00977,77046600,,,,,
2023-08-07,15950.75977,15962.61035,15824.78027,15877.54004,68246900,,,,,
2023-08-08,15774.92969,15946.57031,15706.30957,15868.30957,80939300,,,,,
2023-08-09,15852.58008,15983.78027,15831.08008,15918.05957,65516200,,,,,
2023-08-10,15996.51953,16060.26953,15880.41016,15921.41992,74907500,,,,,
2023-08-11,15832.16992,15962.4502,15803.08008,15927.79004,60296700,,,,,
2023-08-14,15904.25,15937.78027,15817.58984,15818.20996,43608500,,,,,
2023-08-15,15767.28027,15923.12988,15703.03027,15909.57031,45352200,,,,,
2023-08-16,15789.4502,15814.66016,15725.09961,15737.01953,39651700,,,,,
2023-08-17,15676.90039,15793.53027,15664.2998,15712.94043,48603400,,,,,
2023-08-18,15574.25977,15612.87988,15468.65039,15597.12012,59909500,,,,,
2023-08-21,15603.28027,15710.20996,15571.82031,15573.9502,45251100,,,,,
2023-08-22,15705.62012,15799.33984,15677.44043,15684.63965,42807400,,,,,
2023-08-23,15728.41016,15820.9502,15672.42969,15761.25,53425400,,,,,
2023-08-24,15621.49023,15896.74023,15618.69043,15876.21973,48251600,,,,,
2023-08-25,15631.82031,15739.78027,15578.96973,15582.9502,44315200,,,,,
2023-08-28,15792.61035,15804.9502,15673.88965,15756.46973,43473300,,,,,
2023-08-29,15930.87988,15942.12012,15805.41992,15844.75977,49760000,,,,,
2023-08-30,15891.92969,15960.40039,15823.33008,15956.91992,49478600,,,,,
2023-08-31,15947.08008,16042.66016,15914.42969,15937.38965,92766900,,,,,
2023-09-01,15840.33984,15984.58984,15840.25,15936.33984,54045200,,,,,
2023-09-04,15824.84961,15958.74023,15795.96973,15904.62988,34752500,,,,,
2023-09-05,15771.70996,15838.44043,15691.49023,15729.78027,73334000,,,,,
2023-09-06,15741.37012,15781.88965,15676.50977,15712.58984,63047100,,,,,
2023-09-07,15718.66016,15794.71973,15661.37988,15661.66016,59410800,,,,,
2023-09-08,15740.2998,15783.37988,15577.04004,15777.55957,63810400,,,,,
2023-09-11,15800.99023,15867.57031,15771.07031,15799.41992,65431300,,,,,
2023-09-12,15715.53027,15808.37988,15686.33984,15804.08008,58026400,,,,,
2023-09-13,15654.03027,15726.59961,15564.63965,15648.91992,68861200,,,,,
2023-09-14,15805.29004,15824.05957,15588.12012,15652.41016,77633300,,,,,
2023-09-15,15893.53027,15989.2998,15871.16992,15940.38965,179829200,,,,,
2023-09-18,15727.12012,15870.62012,15693.87012,15858.80957,58899600,,,,,
2023-09-19,15664.48047,15743.90039,15630.94043,15688.07031,53581800,,,,,
2023-09-20,15781.58984,15810.36035,15699.33984,15703.08984,54733100,,,,,
2023-09-21,15571.86035,15696.66016,15548.69043,15650.98047,65995100,,,,,
2023-09-22,15557.29004,15592.26953,15471.75,15473.7998,70200200,,,,,
2023-09-25,15405.49023,15572.13965,15329.40039,15513.32031,64522900,,,,,
2023-09-26,15255.87012,15360.42969,15229.34961,15330.91016,69660000,,,,,
2023-09-27,15217.4502,15299.67969,15194.67969,15225.58008,72319500,,,,,
2023-09-28,15323.5,15323.73047,15138.66016,15229.09961,60119100,,,,,
2023-09-29,15386.58008,15515.99023,15382.55957,15394.82031,110121500,,,,,
2023-10-02,15247.20996,15476.37988,15192.00977,15439.95996,61416800,,,,,
2023-10-03,15085.20996,15257.86035,15074.84961,15184.49023,64881000,,,,,
2023-10-04,15099.91992,15174.62988,14948.08008,14979.80957,75006400,,,,,
2023-10-05,15070.21973,15157.7002,15048.41992,15113.94043,47650800,,,,,
2023-10-06,15229.76953,15230.88965,15033.5498,15109.16016,65528500,,,,,
2023-10-09,15128.11035,15201.05957,15077.66016,15143.29004,52471000,,,,,
2023-10-10,15423.51953,15443.4502,15272.57031,15272.57031,62641300,,,,,
2023-10-11,15460.00977,15486.11035,15361.74023,15366.78027,65776100,,,,,
2023-10-12,15425.03027,15575.28027,15413.2002,15537.87012,52453700,,,,,
2023-10-13,15186.66016,15409.88965,15178.07031,15400.08984,63240100,,,,,
2023-10-16,15237.99023,15271.50977,15103.12012,15219.41992,55502000,,,,,
2023-10-17,15251.69043,15288.32031,15117.24023,15211.29004,49443000,,,,,
2023-10-18,15094.91016,15271.15039,15081.69043,15244.0498,62492400,,,,,
2023-10-19,15045.23047,15104.37012,14984.58984,15060.65039,69923300,,,,,
2023-10-20,14798.46973,14936.49023,14798.46973,14872.01953,90638400,,,,,
2023-10-23,14800.71973,14838.00977,14630.20996,14823.03027,61261000,,,,,
2023-10-24,14879.94043,14916.59961,14750.32031,14802.51953,62022100,,,,,
2023-10-25,14892.17969,14933.69043,14789.62988,14870.62988,88086100,,,,,
2023-10-26,14731.0498,14795.41016,14655.08008,14696.21973,121803600,,,,,
2023-10-27,14687.41016,14824.29004,14667.37012,14757.11035,86539200,,,,,
2023-10-30,14716.54004,14798,14678.73047,14770.9502,76179000,,,,,
2023-10-31,14810.33984,14829.62012,14722.37988,14741.44043,75370200,,,,,
2023-11-01,14923.26953,14949.58008,14786.32031,14851.95996,63588700,,,,,
2023-11-02,15143.59961,15202.42969,15028.03027,15033.65039,89446500,,,,,
2023-11-03,15189.25,15269.5,15149.71973,15203.7998,93603800,,,,,
2023-11-06,15135.96973,15223.41016,15110.83984,15219.32031,59212500,,,,,
2023-11-07,15152.63965,15194.53027,15068.25,15084.79004,62049600,,,,,
2023-11-08,15229.59961,15287.73047,15086.41016,15093.48047,107586700,,,,,
2023-11-09,15352.54004,15364.49023,15212.99023,15246.5,68377100,,,,,
2023-11-10,15234.38965,15309.51953,15171.58008,15296.58008,77014100,,,,,
2023-11-13,15345,15346.79004,15252.26953,15285.12012,65170400,,,,,
2023-11-14,15614.42969,15632.44043,15337.59961,15358.58984,98894400,,,,,
2023-11-15,15748.16992,15759.83984,15628.19043,15631.66992,91670700,,,,,
2023-11-16,15786.61035,15862.08984,15783.50977,15806.91016,68438900,,,,,
2023-11-17,15919.16016,15952.4502,15826.66992,15828.78027,81125800,,,,,
2023-11-20,15901.33008,15929.92969,15854.82031,15915.24023,93605500,,,,,
2023-11-21,15900.53027,15948.07031,15891.30957,15911.01953,70926900,,,,,
2023-11-22,15957.82031,15998.41016,15931.74023,15965.12988,58757800,,,,,
2023-11-23,15994.73047,16005.4502,15958.05957,15976.62012,38717400,,,,,
2023-11-24,16029.49023,16041.16992,15972.66992,15988.19043,46227600,,,,,
2023-11-27,15966.37012,16039.41992,15957.95996,16007.25977,50564800,,,,,
2023-11-28,15992.66992,15993.41992,15915.40039,15939.19043,60601100,,,,,
2023-11-29,16166.4502,16208.96973,16010.48047,16013.16016,69366600,,,,,
2023-11-30,16215.42969,16262.95996,16169.11035,16204.74023,108532100,,,,,
2023-12-01,16397.51953,16399.06055,16279.4502,16296.91992,68139400,,,,,
2023-12-04,16404.75977,16455.67969,16386.80078,16390.16992,52149300,,,,,
2023-12-05,16533.10938,16551.33984,16394.01953,16405.14063,63916000,,,,,
2023-12-06,16656.43945,16727.07031,16536.11914,16565.65039,78581700,,,,,
2023-12-07,16628.99023,16655.30078,16595.10938,16623.89063,76803200,,,,,
2023-12-08,16759.2207,16782.7207,16630.17969,16644.61914,77814500,,,,,
2023-12-11,16794.42969,16817.81055,16734.26953,16760.58984,66736100,,,,,
2023-12-12,16791.74023,16837.17969,16753.81055,16823.00977,67862500,,,,,
2023-12-13,16766.05078,16836.44922,16760.11914,16811.56055,65413500,,,,,
2023-12-14,16752.23047,17003.2793,16670.34961,16948.78906,141290100,,,,,
2023-12-15,16751.43945,16890.10938,16713.69922,16822.5,173711500,,,,,
2023-12-18,16650.55078,16744.26953,16624.65039,16683.68945,56720400,,,,,
2023-12-19,16744.41016,16750.50977,16656.64063,16657.43945,59217500,,,,,
2023-12-20,16733.05078,16789.96094,16694.56055,16779.41016,63366400,,,,,
2023-12-21,16687.41992,16708.34961,16624.16016,16667.31055,57871300,,,,,
2023-12-22,16706.17969,16735.32031,16651.7793,16673.30078,46295300,,,,,
2023-12-27,16742.07031,16775.71094,16697.58008,16727.76953,37678900,,,,,
2023-12-28,16701.55078,16783.78906,16688.51953,16780.94922,36091600,,,,,
2023-12-29,16751.64063,16758.5293,16726.9707,16729.25977,26861900,,,,,
2024-01-02,16769.35938,16963.4707,16648.80078,16828.75,59893300,,,,,
2024-01-03,16538.39063,16784.07031,16479.91992,16771.34961,70845800,,,,,
2024-01-04,16617.28906,16626.83984,16501.40039,16563.68945,65869400,,,,,
2024-01-05,16594.21094,16645.89063,16448.71094,16504.88086,66762900,,,,,
2024-01-08,16716.4707,16716.4707,16517.49023,16618.50977,55073400,,,,,
2024-01-09,16688.35938,16743.26953,16611.5293,16743.26953,59798500,,,,,
2024-01-10,16689.81055,16753.68945,16654.99023,16703.11914,61300900,,,,,
2024-01-11,16547.0293,16839.49023,16541.38086,16775.91992,72206800,,,,,
2024-01-12,16704.56055,16752.24023,16608,16649.44922,62163000,,,,,
2024-01-15,16622.2207,16736.16016,16609.2207,16723.24023,47795000,,,,,
2024-01-16,16571.67969,16581.92969,16476.08984,16497.53906,73101900,,,,,
2024-01-17,16431.68945,16435.67969,16345.01953,16400.41992,71437800,,,,,
2024-01-18,16567.34961,16579.11914,16421.19922,16440.66016,72318600,,,,,
2024-01-19,16555.13086,16647.84961,16513.46094,16626.5293,66146800,,,,,
2024-01-22,16683.35938,16705.49023,16607.7207,16684.09961,67438700,,,,,
2024-01-23,16627.08984,16753.08984,16626.58984,16753.08984,64365600,,,,,
2024-01-24,16889.91992,16921.41016,16760.91992,16793.26953,74569200,,,,,
2024-01-25,16906.91992,16916.59961,16785.68945,16849.75977,62016700,,,,,
2024-01-26,16961.39063,16967.7207,16849.31055,16879.00977,84664200,,,,,
2024-01-29,16941.71094,16941.71094,16860.05078,16925.39063,65956600,,,,,
2024-01-30,16972.33984,16999.58008,16946.56055,16991.36914,61107500,,,,,
2024-01-31,16903.75977,16991.83984,16884.86914,16972.4707,84388500,,,,,
2024-02-01,16859.03906,16915.91992,16821.59961,16834.13086,89451400,,,,,
2024-02-02,16918.21094,17004.55078,16894.66992,16977.75,85847300,,,,,
2024-02-05,16904.06055,16972.61914,16859,16925.9707,69935700,,,,,
2024-02-06,17033.24023,17049.51953,16871.32031,16965.89063,75544200,,,,,
2024-02-07,16921.96094,17021.55078,16907.15039,17020.76953,93039700,,,,,
2024-02-08,16963.83008,17029.53906,16889.13086,16936.14063,67419300,,,,,
2024-02-09,16926.5,16993.11914,16876.35938,16973.58008,61639700,,,,,
2024-02-12,17037.34961,17042.74023,16958.80078,16975.99023,53286500,,,,,
2024-02-13,16880.83008,16991.60938,16831.5293,16987.08984,62956700,,,,,
2024-02-14,16945.48047,16957.7793,16857.33984,16872.89063,53717300,,,,,
2024-02-15,17046.68945,17089.11914,17003.82031,17022.53906,83791100,,,,,
2024-02-16,17117.43945,17198.44922,17060.38086,17117.36914,76375500,,,,,
2024-02-19,17092.25977,17098.60938,17049.2207,17075.74023,43224700,,,,,
2024-02-20,17068.42969,17084.86914,17019.15039,17066.23047,62710700,,,,,
2024-02-21,17118.11914,17157.94922,17063.25,17102.08008,59403800,,,,,
2024-02-22,17370.44922,17429.66016,17279.73047,17326.75977,86130500,,,,,
2024-02-23,17419.33008,17443.74023,17354.75977,17372.00977,76799700,,,,,
2024-02-26,17423.23047,17460.5293,17396.40039,17396.74023,53156400,,,,,
2024-02-27,17556.49023,17563.41016,17428.16992,17431.36914,59725400,,,,,
2024-02-28,17601.2207,17605.60938,17552.98047,17569.60938,56644500,,,,,
2024-02-29,17678.18945,17742.48047,17620.10938,17634.60938,102738500,,,,,
2024-03-01,17735.07031,17816.51953,17690.89063,17793.4707,85782600,,,,,
2024-03-04,17716.16992,17756.39063,17684.73047,17743.43945,1220700,,,,,
2024-03-05,17698.40039,17746.57031,17643.10938,17682.7793,74178400,,,,,
2024-03-06,17716.71094,17745.16016,17682.50977,17685.91992,91487700,,,,,
2024-03-07,17842.84961,17879.10938,17619.40039,17648.89063,86702800,,,,,
2024-03-08,17814.50977,17860.50977,17795.13086,17849.84961,67940300,,,,,
2024-03-11,17746.26953,17750.7207,17662.55078,17690.94922,66646400,,,,,
2024-03-12,17965.10938,17973.2207,17746.89063,17810.15039,91388300,,,,,
2024-03-13,17961.38086,18001.41992,17939.56055,17984.5,92880500,,,,,
2024-03-14,17942.03906,18039.05078,17899.92969,18002.9707,93590600,,,,,
2024-03-15,17936.65039,18038.10938,17926.7207,17938.14063,202910600,,,,,
2024-03-18,17932.67969,18015.49023,17902.91992,17936.31055,63024300,,,,,
2024-03-19,17987.49023,17998.03906,17914.17969,17932.17969,73421100,,,,,
2024-03-20,18015.13086,18044.49023,17955.68945,17987.91016,61711000,,,,,
2024-03-21,18179.25,18179.81055,18019.85938,18019.85938,79118500,,,,,
2024-03-22,18205.93945,18225.9707,18140.99023,18175.08008,68616300,,,,,
2024-03-25,18261.31055,18285.58008,18176.84961,18206.35938,53804600,,,,,
2024-03-26,18384.34961,18411.98047,18256.81055,18262.10938,58786600,,,,,
2024-03-27,18477.08984,18511.16992,18385.16992,18385.16992,66344700,,,,,
2024-03-28,18492.49023,18513.83008,18468.86914,18477.40039,75716300,,,,,
2024-04-02,18283.13086,18567.16016,18275.93945,18492.35938,82077300,,,,,
2024-04-03,18367.7207,18376.08008,18281.82031,18281.82031,76334900,,,,,
2024-04-04,18403.13086,18427.42969,18340.24023,18366.36914,62521400,,,,,
2024-04-05,18175.03906,18401.83008,18088.0293,18401.83008,77046500,,,,,
2024-04-08,18318.9707,18326.36914,18163.39063,18163.39063,61073600,,,,,
2024-04-09,18076.68945,18318.50977,18058.2207,18318.40039,65276400,,,,,
2024-04-10,18097.30078,18239.5,17975.83984,18078.89063,83348200,,,,,
2024-04-11,17954.48047,18101.31055,17864.68945,18096.50977,84365100,,,,,
2024-04-12,17930.32031,18162.56055,17860.73047,17965.94922,78993900,,,,,
2024-04-15,18026.58008,18191.94922,17937.61914,17937.61914,65138500,,,,,
2024-04-16,17766.23047,18022.68945,17713.5,18022.16992,73217300,,,,,
2024-04-17,17770.01953,17907.58008,17731.78906,17764.0293,55970700,,,,,
2024-04-18,17837.40039,17863.32031,17716.91992,17775.41016,60700500,,,,,
2024-04-19,17737.35938,17834.86914,17626.90039,17834.83008,79447700,,,,,
2024-04-22,17860.80078,17889.4707,17738.03906,17738.03906,62454400,,,,,
2024-04-23,18137.65039,18144.66016,17861.19922,17861.19922,68529200,,,,,
2024-04-24,18088.69922,18226.32031,18060.25977,18140.18945,75104600,,,,,
2024-04-25,17917.2793,18100.75,17795.96094,18088.16992,101517300,,,,,
2024-04-26,18161.00977,18199.71094,17920.73047,17920.73047,76008600,,,,,
2024-04-29,18118.32031,18235.80078,18103.42969,18162.15039,77251000,,,,,
2024-04-30,17932.16992,18153.68945,17920.7207,18119.92969,88206200,,,,,
2024-05-02,17896.5,17981.03906,17875.98047,17935.7793,71332200,,,,,
2024-05-03,18001.59961,18105.82031,17900.01953,17900.15039,71259900,,,,,
2024-05-06,18175.21094,18199.15039,18001.13086,18001.13086,46036600,,,,,
2024-05-07,18430.05078,18442.40039,18175.21094,18175.21094,85365200,,,,,
2024-05-08,18498.38086,18542.09961,18427.25977,18430.25,74222500,,,,,
2024-05-09,18686.59961,18699.28906,18488.03906,18498.08984,53613600,,,,,
2024-05-10,18772.84961,18845.85938,18686.84961,18686.84961,87914100,,,,,
2024-05-13,18742.2207,18799.76953,18706.08008,18773.24023,66373100,,,,,
2024-05-14,18716.41992,18748.75977,18629.0293,18735.83984,73288600,,,,,
2024-05-15,18869.35938,18892.91992,18719.81055,18719.81055,81628700,,,,,
2024-05-16,18738.81055,18890.7793,18716.33008,18874.84961,76322100,,,,,
2024-05-17,18704.41992,18724.01953,18627.91016,18713.25,75994100,,,,,
2024-05-20,18768.96094,18804,18710.13086,18710.13086,41185400,,,,,
2024-05-21,18726.75977,18768.64063,18638.14063,18768.64063,65727800,,,,,
2024-05-22,18680.19922,18731.65039,18642.19922,18731.65039,57984200,,,,,
2024-05-23,18691.32031,18766.67969,18639.16992,18682.48047,63719300,,,,,
2024-05-24,18693.36914,18706.65039,18515.83984,18687.59961,53855900,,,,,
2024-05-27,18774.71094,18775.13086,18680.81055,18703.13086,37335400,,,,,
2024-05-28,18677.86914,18855.05078,18635.03906,18775.55078,52670400,,,,,
2024-05-29,18473.28906,18677.69922,18438.00977,18677.69922,59553600,,,,,
2024-05-30,18496.78906,18531.84961,18394.42969,18465.4707,52348300,,,,,
2024-05-31,18497.93945,18542.26953,18426.7207,18495.2207,144013800,,,,,
2024-06-03,18608.16016,18697.08984,18503.78906,18503.78906,54181600,,,,,
2024-06-04,18405.64063,18608.30078,18365.5293,18608.30078,81414800,,,,,
2024-06-05,18575.93945,18624.35938,18406.06055,18406.06055,63882100,,,,,
2024-06-06,18652.66992,18784.65039,18576.58008,18576.58008,60878800,,,,,
2024-06-07,18557.26953,18649.08008,18424.59961,18649.08008,61383200,,,,,
2024-06-10,18494.89063,18550.33008,18359.41992,18550.33008,53451600,,,,,
2024-06-11,18369.93945,18543.03906,18281.56055,18497.84961,63755500,,,,,
2024-06-12,18630.85938,18651.69922,18368.51953,18368.51953,61490000,,,,,
2024-06-13,18265.67969,18632.00977,18253.41992,18632.00977,72490900,,,,,
2024-06-14,18002.01953,18304.78906,17951.16992,18267.67969,92522600,,,,,
2024-06-17,18068.21094,18149.33008,17969.53906,18008.23047,57818800,,,,,
2024-06-18,18131.9707,18214.19922,18073.24023,18073.43945,50843000,,,,,
2024-06-19,18067.91016,18148.00977,18055.63086,18131.34961,52036900,,,,,
2024-06-20,18254.17969,18254.17969,18068.58008,18068.66992,59523600,,,,,
2024-06-21,18163.51953,18257.93945,18090.03906,18254.57031,154535300,,,,,
2024-06-24,18325.58008,18354.71094,18165.53906,18165.53906,61738700,,,,,
2024-06-25,18177.61914,18307.60938,18075.75,18300.41992,54133500,,,,,
2024-06-26,18155.24023,18363.39063,18045.53906,18176.80078,56452300,,,,,
2024-06-27,18210.55078,18265.51953,18141.2793,18154.9707,54448500,,,,,
2024-06-28,18235.44922,18352.65039,18198.09961,18211.9707,64588100,,,,,
2024-07-01,18290.66016,18460.7207,18236.26953,18236.34961,55846500,,,,,
2024-07-02,18164.06055,18286.85938,18030.49023,18286.85938,57146800,,,,,
2024-07-03,18374.5293,18395.59961,18181.71094,18181.71094,59157800,,,,,
2024-07-04,18450.48047,18468.16016,18375.67969,18375.96094,34330900,,,,,
2024-07-05,18475.44922,18650.35938,18420.57031,18450.58984,45501300,,,,,
2024-07-08,18472.05078,18631.60938,18444.06055,18474.26953,45306600,,,,,
2024-07-09,18236.18945,18473,18213.98047,18471.34961,56403100,,,,,
2024-07-10,18407.2207,18420.13086,18236.75,18236.75,49277300,,,,,
2024-07-11,18534.56055,18578.44922,18409.65039,18409.69922,50928500,,,,,
2024-07-12,18748.17969,18779.40039,18528.39063,18534.49023,49829900,,,,,
2024-07-15,18590.89063,18743.67969,18581.01953,18736.10938,42769100,,,,,
2024-07-16,18518.0293,18586.41992,18448.26953,18586.41992,45194900,,,,,
2024-07-17,18437.30078,18532.66016,18347.24023,18512.10938,49011600,,,,,
2024-07-18,18354.75977,18536.25977,18352.33008,18439.33008,52139700,,,,,
2024-07-19,18171.92969,18341.82031,18162.30078,18340.84961,58262300,,,,,
2024-07-22,18407.07031,18468.59961,18231.41016,18270.84961,46821100,,,,,
2024-07-23,18557.69922,18647.09961,18464.2207,18500.66992,48611000,,,,,
2024-07-24,18387.46094,18456.39063,18348.99023,18394.30078,71705700,,,,,
2024-07-25,18298.7207,18326.17969,18096.68945,18209.40039,70728300,,,,,
2024-07-26,18417.55078,18428.88086,18218.53906,18255.34961,46952600,,,,,
2024-07-29,18320.66992,18546.32031,18309.26953,18542.42969,42845500,,,,,
2024-07-30,18411.17969,18469.08008,18341.41992,18363.92969,43049700,,,,,
2024-07-31,18508.65039,18564.39063,18434.82031,18503.17969,62448100,,,,,
2024-08-01,18083.05078,18440.91992,18069.61914,18432.5,71404300,,,,,
2024-08-02,17661.2207,17918.01953,17623.9707,17884.85938,93521900,,,,,
2024-08-05,17339,17525.58984,17024.82031,17525.58984,101880300,,,,,
2024-08-06,17354.32031,17505.23047,17233.07031,17422.57031,78115300,,,,,
2024-08-07,17615.15039,17666.82031,17386.88086,17438.65039,73601400,,,,,
2024-08-08,17680.40039,17696.66992,17439.86914,17516.05078,61730800,,,,,
2024-08-09,17722.88086,17788.7207,17618.41992,17672.90039,0,,,,,
2024-08-12,17726.4707,17829.09961,17677.78906,17784.0293,38708600,,,,,
2024-08-13,17812.05078,17817.07031,17669.64063,17799.66016,0,,,,,
2024-08-14,17885.59961,17921.99023,17827.08008,17882.17969,0,,,,,
2024-08-15,18183.24023,18198.08984,17909.74023,17977.81055,0,,,,,
2024-08-16,18322.40039,18344.2207,18226.59961,18236.01953,63794900,,,,,
2024-08-19,18421.68945,18454.93945,18284.85938,18312.50977,43769700,,,,,
2024-08-20,18357.51953,18495.2793,18349.98047,18473.23047,42912000,,,,,
2024-08-21,18448.94922,18476.63086,18352.18945,18358.78906,36068100,,,,,
2024-08-22,18493.39063,18551.39063,18458.60938,18459.2793,40950900,,,,,
2024-08-23,18633.09961,18670.44922,18519.28906,18538.86914,41122500,,,,,
2024-08-26,18617.01953,18638.9707,18554.50977,18589.90039,23952300,,,,,
2024-08-27,18681.81055,18724.39063,18622.66016,18637.19922,35308200,,,,,
2024-08-28,18782.28906,18856.58984,18731.44922,18745.14063,37615100,,,,,
2024-08-29,18912.57031,18936.03906,18781.16016,18791.16992,39421500,,,,,
2024-08-30,18906.91992,18970.71094,18886.08984,18891.34961,95583000,,,,,
2024-09-02,18930.84961,18937.98047,18778.53906,18913.5293,36654700,,,,,
2024-09-03,18747.10938,18990.7793,18728.46094,18979.5293,51866700,,,,,
2024-09-04,18591.84961,18654.19922,18531.98047,18531.98047,52360600,,,,,
2024-09-05,18576.5,18677.63086,18536.56055,18539.15039,57259500,,,,,
2024-09-06,18301.90039,18607.78906,18274.98047,18534.86914,60804900,,,,,
2024-09-09,18443.56055,18484.2793,18353.25,18379.51953,43109500,,,,,
2024-09-10,18265.91992,18490.67969,18233.85938,18417.10938,70039500,,,,,
2024-09-11,18330.26953,18434.61914,18208.83984,18342.57031,87371800,,,,,
2024-09-12,18518.39063,18595.83008,18382.25977,18533.41016,61591100,,,,,
2024-09-13,18699.40039,18722.18945,18542.23047,18546.2207,69687600,,,,,
2024-09-16,18633.10938,18672.23047,18599.5293,18621.7793,51208600,,,,,
2024-09-17,18726.08008,18805.08984,18671.64063,18686.75977,60260500,,,,,
2024-09-18,18711.49023,18756.5293,18695.36914,18729.64063,56152800,,,,,
2024-09-19,19002.38086,19044.96094,18806.16016,18877.57031,80223000,,,,,
2024-09-20,18720.00977,18900.43945,18710.33984,18895.82031,155117400,,,,,
2024-09-23,18846.78906,18857.36914,18684.33984,18766.91992,67192700,,,,,
2024-09-24,18996.63086,19029.44922,18903.48047,18982.40039,57329700,,,,,
2024-09-25,18918.5,18965.00977,18840.13086,18845.91992,52174600,,,,,
2024-09-26,19238.35938,19253.07031,19088.41992,19107.85938,78292900,,,,,
2024-09-27,19473.63086,19491.92969,19239.85938,19257.67969,77616700,,,,,
2024-09-30,19324.92969,19449.98047,19314.33984,19412.33008,67084500,,,,,
2024-10-01,19213.14063,19448.94922,19143.78906,19409.39063,69875300,,,,,
2024-10-02,19164.75,19250.89063,19059.59961,19221.66016,49480800,,,,,
2024-10-03,19015.41016,19110.31055,18964.31055,19074.44922,46992800,,,,,
2024-10-04,19120.92969,19171.53906,18952.43945,18968.84961,58396000,,,,,
2024-10-07,19104.09961,19151.9707,19011.93945,19150.26953,46285500,,,,,
2024-10-08,19066.4707,19098.48047,18911.7207,18937.69922,49308400,,,,,
2024-10-09,19254.92969,19259.11914,19007.84961,19065.17969,53333500,,,,,
2024-10-10,19210.90039,19285.16016,19145.41992,19242.84961,52366500,,,,,
2024-10-11,19373.83008,19377.09961,19175.7793,19206.31055,54978200,,,,,
2024-10-14,19508.28906,19518.43945,19392.64063,19409.68945,43005800,,,,,
2024-10-15,19486.18945,19633.91016,19457.49023,19581.57031,69656200,,,,,
2024-10-16,19432.81055,19510.25977,19401.53906,19465.30078,51088700,,,,,
2024-10-17,19583.39063,19674.67969,19499.46094,19509.78906,49000700,,,,,
2024-10-18,19657.36914,19667.33984,19540.19922,19543.71094,57112300,,,,,
2024-10-21,19461.18945,19645.01953,19451.7207,19609.41992,41631500,,,,,
2024-10-22,19421.91016,19591.49023,19368.68945,19528.91016,54438000,,,,,
2024-10-23,19377.61914,19464.53906,19330.10938,19399.33008,52260500,,,,,
2024-10-24,19443,19555.44922,19417.73047,19417.73047,55469100,,,,,
2024-10-25,19463.58984,19516.24023,19388.91016,19419.51953,46014500,,,,,
2024-10-28,19531.61914,19570.91992,19399.16016,19528.66992,46669100,,,,,
2024-10-29,19478.07031,19643.11914,19465,19634.33008,46982400,,,,,
2024-10-30,19257.33984,19420.93945,19201.24023,19403.42969,59541100,,,,,
2024-10-31,19077.53906,19184.31055,19004.9707,19096.67969,63370400,,,,,
2024-11-01,19254.9707,19297.64063,19082.09961,19093.99023,45756600,,,,,
2024-11-04,19147.84961,19286.03906,19147.75977,19231.85938,43111600,,,,,
2024-11-05,19256.26953,19263.14063,19104.58984,19170.15039,47179800,,,,,
2024-11-06,19039.31055,19563.9707,19007.88086,19360.75,112726700,,,,,
2024-11-07,19362.51953,19437.88086,19148.78906,19157.2207,83268900,,,,,
2024-11-08,19215.48047,19411.59961,19146.5293,19411.58984,69792500,,,,,
2024-11-11,19448.59961,19546.90039,19382.48047,19386.69922,59016800,,,,,
2024-11-12,19033.64063,19339.82031,19019.66992,19260.58008,92931100,,,,,
2024-11-13,19003.10938,19125.68945,18838.67969,19024.2793,92679600,,,,,
2024-11-14,19263.69922,19307.57031,19060.43945,19072.18945,77861900,,,,,
2024-11-15,19210.81055,19288.89063,19121.14063,19135.64063,67439800,,,,,
2024-11-18,19189.18945,19279.16016,19091.90039,19249.25977,51546500,,,,,
2024-11-19,19060.31055,19211.80078,18812.5293,19175.83984,62320400,,,,,
2024-11-20,19004.7793,19198.74023,18962.18945,19153.0293,53795400,,,,,
2024-11-21,19146.16992,19152.60938,18900.01953,19060.91992,55646800,,,,,
2024-11-22,19322.58984,19338.09961,19036.41016,19240.23047,71164000,,,,,
2024-11-25,19405.19922,19468.30078,19329.88086,19462.24023,121851800,,,,,
2024-11-26,19295.98047,19385.34961,19239.36914,19309.16016,60758200,,,,,
2024-11-27,19261.75,19287.03906,19145.00977,19257.76953,51794500,,,,,
2024-11-28,19425.73047,19437.57031,19346.58984,19366.7207,42531100,,,,,
2024-11-29,19626.44922,19640.15039,19380.21094,19400.38086,52162600,,,,,
2024-12-02,19933.61914,19933.61914,19568.5,19586.16992,63210300,,,,,
2024-12-03,20016.75,20038.00977,19926.25977,19947.17969,63234700,,,,,
2024-12-04,20232.14063,20260.60938,20085.31055,20103.89063,63418900,,,,,
2024-12-05,20358.80078,20373.42969,20216.33008,20218.28906,58274500,,,,,
2024-12-06,20384.60938,20425.85938,20331.24023,20374.53906,61610000,,,,,
2024-12-09,20345.96094,20461.84961,20318.25977,20461.84961,58794900,,,,,
2024-12-10,20329.16016,20393.85938,20277.63086,20278.74023,66183800,,,,,
2024-12-11,20399.16016,20415.41016,20292.85938,20296.18945,59728100,,,,,
2024-12-12,20426.26953,20453.43945,20388.0293,20440.07031,55684800,,,,,
2024-12-13,20405.91992,20522.82031,20367.11914,20450.96094,52015900,,,,,
2024-12-16,20313.81055,20387.88086,20304.7793,20360.75,64212700,,,,,
2024-12-17,20246.36914,20356.58008,20241.5,20290.96094,70862400,,,,,
2024-12-18,20242.57031,20329.66992,20241.98047,20273.84961,62488100,,,,,
2024-12-19,19969.85938,20105.09961,19959.17969,20032.05078,70045700,,,,,
2024-12-20,19884.75,19924.69922,19649.86914,19822.86914,135977900,,,,,
2024-12-23,19848.76953,19901.32031,19805.57031,19847.9707,38341600,,,,,
2024-12-27,19984.32031,19984.32031,19801.33008,19831.67969,43396400,,,,,
